CityID,City,Cloudiness,Country,Date,Humidity,Lat,Lng,Max temp,Wind Speed
0,Parrita,75,CR,1580260753,94,9.52,-84.32,68.0,3.36
1,Pangnirtung,9,CA,1580260753,84,66.15,-65.71,-26.73,3.31
2,Constitucion,30,CL,1580260753,68,-35.33,-72.42,58.51,16.02
3,Saint-Philippe,90,RE,1580260753,64,-21.36,55.77,73.4,8.05
4,Jamestown,90,US,1580260754,92,42.1,-79.24,32.0,6.93
5,Tomatlan,0,MX,1580260756,61,19.93,-105.25,74.71,3.71
6,Conceicao do Araguaia,100,BR,1580260756,93,-8.26,-49.26,73.9,0.74
7,Albany,90,US,1580259970,100,42.6,-73.97,33.8,10.29
8,Ayan,0,RU,1580260756,73,56.45,138.17,-3.08,9.8
9,Carnarvon,40,AU,1580260756,83,-24.87,113.63,77.0,19.46
10,Mataura,52,NZ,1580260867,74,-46.19,168.86,64.99,7.0
11,Mahebourg,20,MU,1580260909,88,-20.41,57.7,72.0,6.93
12,Chokurdakh,100,RU,1580260909,97,70.63,147.92,-18.26,10.49
13,Kichmengskiy Gorodok,100,RU,1580260909,89,59.98,45.79,0.73,6.29
14,Yakeshi,0,CN,1580260909,94,49.28,120.73,-3.46,3.0
15,Ushuaia,75,AR,1580260865,81,-54.8,-68.3,42.8,32.21
16,Yovon,4,TJ,1580260911,68,38.31,69.04,33.8,6.71
17,Rikitea,100,PF,1580260912,80,-23.12,-134.97,79.74,9.93
18,Police,90,PL,1580260992,93,53.55,14.57,36.0,10.29
19,Mount Pleasant,1,US,1580261067,93,32.79,-79.86,48.2,2.84
20,Nikolskoye,90,RU,1580261067,92,59.7,30.79,30.2,11.18
21,Airai,74,TL,1580261067,64,-8.93,125.41,78.19,2.33
22,Busselton,98,AU,1580261067,57,-33.65,115.33,72.0,5.01
23,Hobart,75,AU,1580261069,46,-42.88,147.33,73.0,11.41
24,Asilah,20,MA,1580261071,100,35.47,-6.03,55.4,4.7
25,Yangi Marg`ilon,0,UZ,1580261078,92,40.43,71.72,30.2,2.8
26,Hermanus,100,ZA,1580261079,97,-34.42,19.23,64.99,1.99
27,Novyy Urengoy,100,RU,1580261079,94,66.08,76.63,-2.83,15.46
28,Ancud,0,CL,1580261146,54,-41.87,-73.82,55.4,11.41
29,Arraial do Cabo,20,BR,1580261146,94,-22.97,-42.03,77.0,4.7
30,Cairns,75,AU,1580261146,100,-16.92,145.77,75.99,4.7
31,Algiers,100,DZ,1580260938,87,36.75,3.04,48.2,4.7
32,Punta Arenas,40,CL,1580261094,65,-53.15,-70.92,46.4,25.28
33,Hilo,90,US,1580261147,54,19.73,-155.09,80.6,6.93
34,Laas,75,IT,1580260886,73,46.62,10.7,34.0,3.36
35,Santa Isabel do Rio Negro,70,BR,1580261149,71,-0.41,-65.02,81.66,3.85
36,Kamenka,100,RU,1580261149,97,51.32,42.77,34.0,5.99
37,Severo-Kuril'sk,93,RU,1580261299,86,50.68,156.12,25.05,3.38
38,Esperance,90,AU,1580261299,93,-33.87,121.9,66.2,10.29
39,Asau,96,RO,1580261300,93,46.43,26.4,37.4,6.93
40,West Bay,20,KY,1580261300,78,19.37,-81.42,77.0,5.19
41,Talnakh,75,RU,1580261300,85,69.49,88.4,10.4,13.42
42,Emerald,75,AU,1580261300,70,-23.53,148.17,84.2,12.75
43,Barrow,1,US,1580261004,74,71.29,-156.79,-27.4,4.7
44,Villa Rica,1,US,1580261300,70,33.73,-84.92,51.01,3.02
45,Tasiilaq,100,GL,1580261300,86,65.61,-37.64,30.2,20.8
46,Portel,73,BR,1580261301,97,-1.94,-50.82,74.55,2.73
47,Butaritari,100,KI,1580261301,86,3.07,172.79,80.29,15.55
48,Eureka,90,US,1580261059,71,40.8,-124.16,55.4,5.82
49,Avera,1,US,1580261301,75,33.19,-82.53,48.99,1.92
50,Sorong,42,ID,1580261301,71,-0.88,131.25,84.11,4.54
51,Avarua,13,CK,1580261301,94,-21.21,-159.78,78.8,4.7
52,Verkhneyarkeyevo,69,RU,1580261302,94,55.45,54.31,-7.11,5.55
53,Mar del Plata,44,AR,1580261077,41,-38.0,-57.56,78.8,5.82
54,Bandarbeyla,63,SO,1580261107,71,9.49,50.81,74.12,22.68
55,Zhangye,0,CN,1580261302,22,38.93,100.45,20.98,4.34
56,Arman,98,RU,1580261302,98,59.7,150.17,5.74,4.76
57,Puerto Narino,75,CO,1580261302,94,-3.77,-70.38,80.6,3.36
58,San Rafael,91,AR,1580261303,54,-34.62,-68.33,74.8,18.66
59,Nhulunbuy,75,AU,1580261303,69,-12.23,136.77,82.4,6.93
60,Saint George's,20,GD,1580261303,83,12.06,-61.75,78.8,2.24
61,Nar'yan-Mar,59,RU,1580261303,99,67.67,53.09,-16.01,7.31
62,Lorengau,40,PG,1580261303,79,-2.02,147.27,83.28,13.35
63,Deputatsky,92,RU,1580261303,67,69.3,139.9,-21.39,4.18
64,Qaanaaq,100,GL,1580261304,93,77.48,-69.36,-11.96,5.99
65,Saskylakh,98,RU,1580261304,97,71.92,114.08,-9.44,10.89
66,Vila,75,PT,1580261304,100,42.03,-8.16,60.01,8.05
67,Aasiaat,96,GL,1580261304,92,68.71,-52.87,4.35,10.47
68,Sinnamary,75,GF,1580261304,83,5.38,-52.95,80.31,14.72
69,Yellowknife,90,CA,1580261304,77,62.46,-114.35,0.0,6.93
70,Cayenne,90,GF,1580261275,83,4.93,-52.33,80.6,8.05
71,Delijan,29,IR,1580261305,38,33.99,50.68,34.09,5.17
72,Isangel,75,VU,1580261305,62,-19.55,169.27,86.0,9.17
73,Sikonge,100,TZ,1580261305,98,-5.63,32.77,62.47,3.49
74,Leshukonskoye,26,RU,1580261305,96,64.9,45.76,-7.42,4.47
75,Hithadhoo,55,MV,1580261305,79,-0.6,73.08,81.05,14.32
76,Fairview,90,US,1580261305,64,40.81,-74.0,39.99,12.75
77,Kudahuvadhoo,18,MV,1580261306,76,2.67,72.89,80.15,14.83
78,Vaini,75,TO,1580261306,79,-21.2,-175.2,84.2,5.82
79,Dikson,100,RU,1580261306,96,73.51,80.55,-14.4,14.14
80,Teya,96,RU,1580261306,92,60.38,92.63,14.11,6.15
81,New Norfolk,75,AU,1580261125,46,-42.78,147.06,73.0,11.41
82,Puerto Ayora,75,EC,1580261306,69,-0.74,-90.35,82.4,11.41
83,Jalu,0,LY,1580261307,58,29.03,21.55,54.54,6.38
84,Coquimbo,75,CL,1580261307,88,-29.95,-71.34,64.4,6.93
85,Pevek,100,RU,1580261307,98,69.7,170.31,-8.39,12.84
86,Lexington,90,US,1580261221,86,37.99,-84.48,37.4,3.91
87,Marzuq,0,YE,1580261307,37,14.4,46.47,52.43,1.74
88,Miyako,100,JP,1580261307,86,39.64,141.95,44.35,13.62
89,Meppen,85,DE,1580261307,86,52.69,7.29,39.99,12.75
90,Longyearbyen,90,SJ,1580261308,71,78.22,15.64,5.0,8.05
91,Kapaa,1,US,1580261308,61,22.08,-159.32,80.6,6.93
92,Pinawa,93,CA,1580261308,93,50.15,-95.88,13.3,3.53
93,Castro,51,BR,1580261308,93,-24.79,-50.01,64.72,5.28
94,Praia,98,CV,1580261308,73,14.92,-23.51,71.6,13.87
95,Cape Coast,61,GH,1580261308,80,5.11,-1.25,81.18,5.93
96,Fort Nelson,75,CA,1580261129,84,58.81,-122.7,6.8,2.55
97,Pyshma,0,RU,1580261309,94,56.95,63.25,-14.19,5.01
98,Bethel,75,US,1580261309,59,41.37,-73.41,39.0,12.75
99,Chalus,5,IR,1580261309,35,36.66,51.42,39.2,2.24
100,Ribeira Grande,75,PT,1580261309,93,38.52,-28.7,62.6,11.41
101,Sosnovo-Ozerskoye,0,RU,1580261309,93,52.52,111.54,-3.44,5.77
102,Saint Anthony,90,US,1580261309,78,45.02,-93.22,19.99,5.82
103,Margate,26,GB,1580261309,70,51.38,1.39,39.0,14.99
104,Caravelas,100,BR,1580261310,85,-17.71,-39.25,79.92,12.71
105,Bredasdorp,90,ZA,1580261310,88,-34.53,20.04,66.2,7.58
106,Necochea,89,AR,1580261115,89,-38.55,-58.74,70.0,1.01
107,Bluff,90,NZ,1580261310,74,-46.6,168.33,64.99,7.0
108,Oktyabrskiy,74,RU,1580261310,94,54.48,53.47,-1.3,4.07
109,Atuona,3,PF,1580261310,80,-9.8,-139.03,80.67,12.93
110,Cidreira,24,BR,1580261310,81,-30.18,-50.21,74.57,18.81
111,Yeppoon,40,AU,1580261311,66,-23.13,150.73,87.8,9.17
112,Carutapera,37,BR,1580261311,82,-1.2,-46.02,81.68,14.18
113,Port Alfred,0,ZA,1580261311,86,-33.59,26.89,66.99,5.01
114,La Ronge,90,CA,1580261311,85,55.1,-105.28,21.2,4.7
115,Yar-Sale,100,RU,1580261311,94,66.83,70.83,-6.09,19.98
116,Hualmay,85,PE,1580261311,78,-11.1,-77.61,71.47,5.99
117,Yumen,47,CN,1580261312,41,40.28,97.2,19.92,9.17
118,Broken Hill,0,AU,1580261312,13,-31.95,141.43,89.6,17.22
119,Cururupu,46,BR,1580261312,97,-1.83,-44.87,75.49,2.37
120,Lompoc,20,US,1580261147,71,34.64,-120.46,71.6,21.92
121,Sao Jose da Coroa Grande,26,BR,1580261312,73,-8.9,-35.15,81.34,12.3
122,Roald,100,NO,1580261313,51,62.58,6.13,37.99,11.41
123,Korla,0,CN,1580261313,52,41.76,86.15,14.76,3.09
124,Corumba,68,BR,1580261313,74,-19.01,-57.65,79.36,5.41
125,San Jose,75,US,1580261272,76,37.34,-121.89,59.0,11.41
126,Ponta do Sol,20,PT,1580261313,67,32.67,-17.1,62.6,6.93
127,Maracacume,60,BR,1580261313,97,-2.04,-45.96,74.89,3.24
128,Tuktoyaktuk,90,CA,1580261314,68,69.45,-133.04,-20.2,9.17
129,Kodiak,90,US,1580261314,85,57.79,-152.41,19.4,13.87
130,Fukuecho,75,JP,1580261314,93,32.69,128.84,48.2,5.82
131,Kandrian,93,PG,1580261314,68,-6.22,149.55,86.43,5.86
132,Salalah,0,OM,1580261314,23,17.02,54.09,62.6,9.17
133,Itaporanga,38,BR,1580261314,72,-7.3,-38.15,78.19,4.21
134,Riyadh,6,SA,1580261247,49,24.69,46.72,46.4,2.24
135,Muros,90,ES,1580261315,100,42.78,-9.06,60.01,8.05
136,Thompson,90,CA,1580261286,92,55.74,-97.86,12.2,6.93
137,Maihar,0,IN,1580261315,60,24.27,80.75,59.2,4.25
138,Lodwar,100,KE,1580261315,58,3.12,35.6,81.43,5.39
139,Great Yarmouth,21,GB,1580261315,82,52.61,1.73,37.99,13.87
140,Auki,100,SB,1580261316,72,-8.77,160.7,84.45,1.34
141,Bambous Virieux,20,MU,1580261316,88,-20.34,57.76,72.0,6.93
142,Ust'-Omchug,100,RU,1580261316,98,61.15,149.63,-17.36,5.55
143,Upernavik,100,GL,1580261316,92,72.79,-56.15,-10.77,6.93
144,Harrisonburg,90,US,1580261156,74,38.45,-78.87,41.0,3.87
145,George Town,20,MY,1580261316,74,5.41,100.34,82.4,5.82
146,Iquitos,75,PE,1580261128,83,-3.75,-73.25,84.2,3.36
147,Puerto Santander,20,CO,1580261317,69,8.36,-72.41,80.6,1.95
148,Sitka,90,US,1580261317,79,57.05,-135.33,37.4,12.75
149,El Tocuyo,95,VE,1580261317,68,9.79,-69.79,69.8,9.17
150,Beringovskiy,99,RU,1580261317,96,63.05,179.32,-0.27,4.81
151,Althofen,40,AT,1580261317,88,46.88,14.47,33.8,4.7
152,Saint-Augustin,0,CA,1580261317,88,51.23,-58.65,14.36,9.24
153,East London,0,ZA,1580261318,57,-33.02,27.91,68.94,6.17
154,Chinhoyi,40,ZW,1580261318,96,-17.37,30.2,63.55,4.09
155,Sechura,6,PE,1580261318,77,-5.56,-80.82,75.79,12.95
156,Khatanga,96,RU,1580261318,99,71.97,102.5,-13.7,1.79
157,Pontianak,40,ID,1580261318,88,-0.03,109.33,78.8,2.55
158,Bengkulu,100,ID,1580261022,95,-3.8,102.27,74.75,4.52
159,Ozinki,100,RU,1580261318,92,51.18,49.68,12.52,12.71
160,Yaan,7,NG,1580261319,15,7.38,8.57,75.42,2.55
161,Patacamaya,21,BO,1580261319,85,-17.23,-67.92,46.83,6.87
162,Bambanglipuro,100,ID,1580261034,84,-7.95,110.28,79.29,2.73
163,Nicoya,75,CR,1580261319,74,10.15,-85.45,82.4,4.7
164,Buala,95,SB,1580261319,74,-8.14,159.59,84.97,6.49
165,Aberdeen,100,GB,1580261319,78,57.14,-2.1,39.99,10.29
166,Mossamedes,100,AO,1580261319,76,-15.2,12.15,75.25,9.62
167,Polyarny,90,RU,1580261320,75,69.2,33.45,-16.6,2.24
168,Hasaki,75,JP,1580261320,93,35.73,140.83,52.0,12.75
169,Johi,0,PK,1580261320,40,26.69,67.61,57.56,4.63
170,Sakakah,71,SA,1580261312,31,29.97,40.21,50.0,12.75
171,Tandalti,36,SD,1580261320,24,13.02,31.87,63.64,11.7
172,Saquena,6,PE,1580261320,66,-4.67,-73.52,79.88,2.93
173,Cape Town,75,ZA,1580261165,100,-33.93,18.42,68.0,6.93
174,Myre,100,NO,1580261321,68,69.1,15.95,28.4,20.8
175,Chiredzi,0,ZW,1580261321,71,-21.05,31.67,70.57,1.16
176,Kenai,90,US,1580261321,78,60.55,-151.26,12.99,18.34
177,Ketchikan,90,US,1580261321,93,55.34,-131.65,39.2,23.04
178,Kahului,40,US,1580261121,51,20.89,-156.47,84.2,14.99
179,Sri Aman,75,MY,1580261321,100,1.24,111.46,78.8,2.57
180,Plettenberg Bay,48,ZA,1580261321,78,-34.05,23.37,67.6,5.84
181,Quatre Cocos,20,MU,1580261322,88,-20.21,57.76,72.0,6.93
182,Awjilah,0,LY,1580261322,58,29.11,21.29,54.54,6.38
183,Te Anau,97,NZ,1580261322,85,-45.42,167.72,57.09,5.66
184,Henties Bay,42,NA,1580261322,89,-22.12,14.28,64.0,1.99
185,Kaitangata,84,NZ,1580261322,79,-46.28,169.85,69.01,4.0
186,Yerbogachen,100,RU,1580261158,92,61.28,108.01,6.1,3.98
187,Gizo,100,SB,1580261323,74,-8.1,156.84,83.12,6.49
188,Rudnogorsk,100,RU,1580261323,94,57.26,103.75,5.34,2.64
189,Poum,67,NC,1580261323,79,-20.23,164.02,79.66,16.49
190,Pundaguitan,86,PH,1580261323,81,6.37,126.17,80.87,9.19
191,Khunzakh,81,RU,1580261323,65,42.54,46.7,24.39,7.07
192,Batagay,26,RU,1580261323,73,67.63,134.63,-30.1,3.85
193,Husavik,90,IS,1580261029,92,66.04,-17.34,21.2,14.99
194,Gornopravdinsk,93,RU,1580261323,98,60.05,69.9,-17.9,5.77
195,Gilgit,99,PK,1580261324,55,35.92,74.31,7.63,2.1
196,Paoua,0,CF,1580261324,21,7.24,16.44,65.61,2.64
197,Grand Gaube,20,MU,1580261324,88,-20.01,57.66,72.0,6.93
198,Coyhaique,75,CL,1580261324,76,-45.58,-72.07,50.0,2.24
199,Gobabis,0,NA,1580261324,14,-22.45,18.97,71.38,11.99
200,Sorland,100,NO,1580261324,88,67.67,12.69,30.87,15.46
201,Kirakira,78,SB,1580261324,72,-10.45,161.92,84.51,4.74
202,Sabang,100,ID,1580261325,68,5.89,95.32,80.6,8.61
203,Kadoma,75,JP,1580261325,81,34.73,135.58,55.0,23.04
204,Linguere,47,SN,1580261325,8,15.4,-15.12,80.02,10.11
205,Siimusti,90,EE,1580261325,87,58.73,26.34,33.01,12.75
206,Bac Lieu,84,VN,1580261325,91,9.29,105.72,71.74,3.8
207,Port Hardy,75,CA,1580261325,81,50.7,-127.42,46.4,17.22
208,Russell,1,US,1580261325,61,32.35,-85.2,51.8,3.09
209,Coromandel,99,BR,1580261326,94,-18.47,-47.2,67.77,1.97
210,Kavaratti,30,IN,1580261326,64,10.57,72.64,80.98,7.63
211,Oga,75,IT,1580261326,73,46.46,10.35,26.6,3.36
212,Bonavista,100,CA,1580261326,88,48.65,-53.11,28.99,4.0
213,Arlit,100,NE,1580261326,8,18.74,7.39,75.47,9.93
214,Najran,5,SA,1580261326,37,17.49,44.13,50.0,2.53
215,Sinegorskiy,100,RU,1580261326,86,48.01,40.84,37.89,12.75
216,Manggar,99,ID,1580261327,78,-2.88,108.27,82.36,6.15
217,Souillac,20,MU,1580261327,88,-20.52,57.52,72.0,6.93
218,Japura,100,ID,1580261327,97,-0.32,102.35,74.82,2.68
219,Loudi,0,CN,1580261327,88,27.73,111.99,37.67,0.58
220,Lehigh Acres,40,US,1580261327,77,26.63,-81.62,66.99,10.04
221,Boueni,77,YT,1580261327,83,-12.9,45.08,82.4,4.7
222,Acari,100,PE,1580261328,86,-15.43,-74.62,68.05,4.94
223,Berlevag,85,NO,1580261328,71,70.86,29.09,24.04,19.28
224,Pierre,1,US,1580261033,92,44.37,-100.35,30.99,3.15
225,Asmar,100,AF,1580261328,77,35.03,71.36,30.79,2.19
226,Bahia Blanca,97,AR,1580261328,60,-38.72,-62.27,68.68,6.2
227,Truth or Consequences,1,US,1580261328,21,33.13,-107.25,51.01,3.36
228,Middelburg,73,ZA,1580261329,80,-25.78,29.46,54.54,3.36
229,Skjervoy,76,NO,1580261329,79,70.03,20.97,16.7,32.93
230,Kosh-Agach,24,RU,1580261329,81,50.0,88.67,-3.77,5.97
231,Waingapu,47,ID,1580261329,75,-9.66,120.26,82.96,5.84
232,Ballina,70,AU,1580261329,62,-28.87,153.57,93.99,5.82
233,Lavrentiya,0,RU,1580261329,74,65.58,-171.0,-11.74,8.5
234,Hofn,71,IS,1580261329,63,64.25,-15.21,37.11,18.16
235,Hong Kong,0,HK,1580261293,52,22.29,114.16,55.0,8.05
236,Mareeba,75,AU,1580261330,100,-17.0,145.43,75.99,4.7
237,Dayong,0,CN,1580261330,57,25.02,118.29,51.8,4.47
238,Srednekolymsk,55,RU,1580261330,95,67.45,153.68,-30.69,8.43
239,Ampanihy,60,MG,1580261330,85,-24.7,44.75,73.13,4.36
240,Flinders,40,AU,1580261330,50,-34.58,150.86,81.0,4.7
241,Yulara,0,AU,1580261330,28,-25.24,130.99,95.0,13.87
242,Faanui,89,PF,1580261331,73,-16.48,-151.75,83.41,7.54
243,Rock Sound,0,BS,1580261331,73,24.9,-76.2,74.79,8.7
244,Narsaq,52,GL,1580261331,72,60.92,-46.05,12.2,4.7
245,Karratha,78,AU,1580261331,77,-20.74,116.85,85.08,12.93
246,Shar,58,KZ,1580261331,94,49.59,81.05,10.0,7.96
247,Tara,99,RU,1580261331,96,56.89,74.37,-7.71,7.92
248,Moree,2,AU,1580261331,46,-29.47,149.85,89.6,8.05
249,Alihe,0,CN,1580261332,90,50.57,123.72,-2.38,3.36
250,Embonas,20,GR,1580261332,76,36.23,27.86,57.2,5.82
251,Kayerkan,75,RU,1580261332,85,69.35,87.76,10.4,13.42
252,Shirokiy,0,RU,1580261332,96,49.76,129.52,-8.34,7.61
253,Kashgar,11,CN,1580261332,57,39.45,75.98,23.0,11.18
254,Mount Gambier,16,AU,1580261332,60,-37.83,140.77,69.8,5.82
255,Palmerston North,100,NZ,1580261332,54,-40.35,175.62,79.0,10.0
256,Matagami,90,CA,1580261332,84,49.75,-77.63,6.8,9.17
257,Umm Kaddadah,0,SD,1580261333,19,13.6,26.69,57.13,10.67
258,Kulu,46,TR,1580261333,91,39.1,33.08,34.88,7.25
259,Codrington,42,AU,1580261333,83,-38.27,141.97,61.3,3.44
260,Lebu,3,CL,1580261333,60,-37.62,-73.65,55.36,12.95
261,Paamiut,88,GL,1580261301,53,61.99,-49.67,15.08,13.31
262,Bandar-e Lengeh,0,IR,1580261333,67,26.56,54.88,57.2,2.64
263,Makassar,20,ID,1580261244,79,-5.14,119.42,84.2,4.7
264,Marang,40,MY,1580261334,83,5.21,103.21,80.6,4.7
265,Taltal,0,CL,1580261334,85,-25.4,-70.48,65.07,2.44
266,Daru,100,PG,1580261334,80,-9.08,143.21,83.01,4.72
267,Kontagora,81,NG,1580261334,10,10.4,5.47,71.4,6.55
268,Yanam,20,IN,1580261334,83,16.73,82.22,71.6,6.93
269,Tortoli,20,IT,1580261334,50,39.93,9.66,57.2,10.29
270,Tiksi,86,RU,1580261334,86,71.69,128.87,-23.51,4.99
271,Hervey Bay,75,AU,1580261334,62,-25.3,152.85,89.01,5.82
272,Neuquen,50,AR,1580261116,20,-38.95,-68.06,77.0,13.87
273,Waddan,0,LY,1580261335,46,29.16,16.14,55.6,8.46
274,Rockhampton,40,AU,1580261335,66,-23.38,150.5,87.8,9.17
275,Rapid Valley,1,US,1580261335,59,44.06,-103.15,36.0,3.36
276,Shasta Lake,40,US,1580261335,71,40.68,-122.37,57.2,5.82
277,Mehamn,43,NO,1580261335,75,71.04,27.85,16.72,18.14
278,Kaeo,39,NZ,1580261335,95,-35.1,173.78,80.01,1.01
279,Fortuna,90,US,1580261336,71,40.6,-124.16,55.4,5.82
280,Bosaso,1,SO,1580261336,55,11.28,49.18,74.3,22.19
281,San Andres,20,CO,1580261200,74,12.58,-81.7,78.8,3.36
282,Port Blair,100,IN,1580261336,68,11.67,92.75,76.53,11.3
283,Dongsheng,46,CN,1580261336,91,39.82,109.98,15.49,9.13
284,Plouzane,100,FR,1580261336,93,48.38,-4.62,46.99,8.05
285,Sayat,0,TM,1580261336,92,38.78,63.88,26.6,3.36
286,Katsuura,40,JP,1580261337,82,35.13,140.3,61.0,5.82
287,Cojutepeque,20,SV,1580261337,78,13.72,-88.93,80.6,11.41
288,Aksu,0,CN,1580261337,67,41.12,80.26,21.99,1.79
289,Mata de Sao Joao,20,BR,1580261338,78,-12.53,-38.3,82.4,8.05
290,Rudnya,100,RU,1580261338,94,54.95,31.09,32.41,10.94
291,Benghazi,0,LY,1580261338,65,32.12,20.07,59.68,9.01
292,Dongkan,0,CN,1580261338,84,34.0,119.83,33.58,9.13
293,Ucluelet,40,CA,1580261311,87,48.93,-125.55,48.2,8.05
294,Leningradskiy,93,RU,1580261339,90,69.38,178.42,-9.2,5.19
295,Vao,100,NC,1580261339,70,-22.67,167.48,77.05,11.56
296,Taoudenni,61,ML,1580261339,23,22.68,-3.98,66.74,10.4
297,Oranjestad,20,AW,1580261339,78,12.52,-70.03,80.6,10.29
298,Tsuchiura,90,JP,1580261339,93,36.09,140.21,54.0,6.93
299,Yarada,20,IN,1580261339,94,17.65,83.27,71.6,2.24
300,Balaguer,0,ES,1580261339,93,41.79,0.81,45.0,9.17
301,Lagoa,15,PT,1580261340,89,39.05,-27.98,62.87,18.97
302,Saldanha,51,ZA,1580261340,82,-33.01,17.94,66.2,13.87
303,Acapulco de Juarez,20,MX,1580261250,69,16.86,-99.89,82.4,5.82
304,Baykit,99,RU,1580261340,96,61.67,96.37,9.82,2.68
305,Mangrol,0,IN,1580261340,59,21.12,70.12,69.08,13.8
306,Jati,0,PK,1580261340,59,24.35,68.27,53.69,4.54
307,New Albany,90,US,1580261294,69,38.29,-85.82,37.4,3.36
308,Adrar,0,MR,1580261341,24,20.5,-10.07,72.36,12.59
309,Sao Felix do Xingu,66,BR,1580261341,96,-6.64,-51.99,71.82,1.36
310,Belmonte,20,BR,1580261341,88,-15.86,-38.88,78.8,4.7
311,Merrill,90,US,1580261341,67,45.18,-89.68,23.0,3.42
312,Chimbote,84,PE,1580261341,71,-9.09,-78.58,74.86,4.88
313,Swift Current,75,CA,1580261201,85,50.28,-107.8,21.2,5.82
314,Camacha,20,PT,1580261341,77,33.08,-16.33,62.6,8.05
315,Vanimo,83,PG,1580261342,79,-2.67,141.3,81.25,5.66
316,Southbridge,90,US,1580261342,59,42.08,-72.03,36.0,13.87
317,Rome,90,US,1580261190,92,43.21,-75.46,28.99,8.05
318,Otjimbingwe,22,NA,1580261342,33,-22.35,16.13,70.59,1.57
319,Ngunguru,5,NZ,1580261342,91,-35.62,174.5,73.0,4.0
320,El Jicaro,21,GT,1580261342,71,14.92,-89.9,70.16,2.93
321,Kenmare,82,IE,1580261342,86,51.88,-9.58,37.06,9.42
322,Broome,90,US,1580261343,100,42.25,-75.83,32.0,8.3
323,Dafeng,78,CN,1580261343,70,23.45,108.59,44.92,4.14
324,San Juan,36,AR,1580261343,34,-31.54,-68.54,85.55,22.44
325,Baghlan,21,AF,1580261343,75,36.13,68.71,27.64,2.75
326,Khorixas,45,NA,1580261343,33,-20.37,14.97,75.16,4.38
327,Lerwick,99,GB,1580261343,66,60.15,-1.15,39.2,1.12
328,Fairbanks,1,US,1580261343,74,64.84,-147.72,-13.0,3.38
329,Stornoway,75,GB,1580261201,93,58.21,-6.39,39.99,19.46
330,Prenzlau,100,DE,1580261344,85,53.32,13.87,36.0,8.01
331,Hauterive,100,FR,1580261070,75,46.09,3.45,44.6,4.7
332,Kalmunai,92,LK,1580261344,70,7.42,81.82,79.45,10.83
333,Klaksvik,0,FO,1580261344,92,62.23,-6.59,30.2,1.12
334,Tuatapere,97,NZ,1580261344,74,-46.13,167.68,64.99,7.0
335,Nizhniy Ufaley,100,RU,1580261344,100,55.92,59.98,-13.79,6.06
336,Clyde River,5,CA,1580261344,68,70.47,-68.59,-18.4,12.75
337,Alyangula,40,AU,1580261345,74,-13.85,136.42,84.2,12.75
338,Rio Grande,2,BR,1580261069,80,-32.03,-52.1,75.0,1.99
339,Norman Wells,75,CA,1580261345,67,65.28,-126.83,-22.0,8.05
340,Liancheng,100,CN,1580261345,93,24.05,105.08,39.63,3.53
341,Zhanaozen,0,KZ,1580261345,72,43.3,52.8,35.6,13.67
342,Touros,40,BR,1580261345,78,-5.2,-35.46,82.4,5.82
343,Gushikawa,75,JP,1580261194,63,26.35,127.87,62.6,16.11
344,Zaragoza,75,ES,1580261308,100,41.66,-0.88,50.0,4.7
345,Palmer,90,US,1580261346,55,42.16,-72.33,36.0,12.75
346,Natal,40,BR,1580261346,83,-5.79,-35.21,82.4,6.93
347,Simbahan,92,PH,1580261346,79,6.3,120.58,81.91,10.56
348,Turukhansk,100,RU,1580261346,95,65.82,87.98,5.27,6.82
349,Ulaangom,32,MN,1580261346,93,49.98,92.07,-8.0,3.96
350,Urumqi,90,CN,1580261346,84,43.8,87.6,8.6,2.24
351,Aklavik,90,CA,1580261347,67,68.22,-135.01,-20.2,3.36
352,Guayaquil,75,EC,1580261270,78,-2.17,-79.9,80.6,3.36
353,Vestmanna,27,FO,1580261347,92,62.16,-7.17,30.2,1.12
354,Miguel Auza,0,MX,1580261347,27,24.29,-103.45,58.1,9.66
355,Ceuta,47,ES,1580261347,82,35.89,-5.31,57.2,10.29
356,Sulangan,31,PH,1580261347,76,11.14,123.72,81.5,9.04
357,Zemio,2,CF,1580261347,26,5.03,25.14,63.25,3.33
358,Luderitz,0,NA,1580261347,76,-26.65,15.16,65.59,25.9
359,Kumul,5,CN,1580261348,79,42.8,93.45,7.63,1.21
360,Gorele,75,TR,1580261348,60,41.03,39.0,59.0,11.41
361,Port Lincoln,0,AU,1580261348,40,-34.73,135.87,80.15,10.4
362,Atikokan,100,CA,1580261348,94,48.76,-91.62,11.21,2.33
363,Udomlya,99,RU,1580261348,94,57.88,34.99,22.39,5.99
364,Cocorit,0,MX,1580261348,28,27.58,-109.97,76.28,13.31
365,Mogadishu,85,SO,1580261348,78,2.04,45.34,79.03,26.64
366,Bontang,79,ID,1580261348,80,0.13,117.5,81.28,9.37
367,Ojinaga,1,MX,1580261349,23,29.57,-104.42,60.8,14.99
368,Bathsheba,40,BB,1580261349,78,13.22,-59.52,78.8,12.75
369,Kuusamo,100,FI,1580261349,84,65.97,29.18,6.8,8.05
370,Luwero,98,UG,1580261349,98,0.85,32.47,63.77,2.59
371,Iraq,100,IQ,1580261229,66,33.0,44.0,51.8,6.93
372,Saurimo,99,AO,1580261349,95,-9.66,20.39,67.1,0.85
373,Itarema,100,BR,1580261349,82,-2.92,-39.92,76.93,4.32
374,Bhera,100,PK,1580261350,90,32.48,72.91,51.28,2.44
375,Port Elizabeth,75,ZA,1580261350,77,-33.92,25.57,68.0,11.41
376,La Sarre,43,CA,1580261198,95,48.8,-79.2,3.18,4.74
377,Solnechnyy,99,RU,1580261350,89,50.72,136.63,9.88,6.69
378,Sompeta,25,IN,1580261350,92,18.93,84.6,68.36,4.27
379,Takapau,67,NZ,1580261350,59,-40.03,176.35,79.0,11.01
380,Kavieng,39,PG,1580261350,79,-2.57,150.8,83.97,11.77
381,Khor,86,RU,1580261350,96,47.89,134.95,-1.34,3.65
382,Olafsvik,39,IS,1580261351,71,64.89,-23.71,31.82,13.13
383,Nanortalik,54,GL,1580261351,69,60.14,-45.24,24.73,12.68
384,Luganville,89,VU,1580261351,70,-15.53,167.17,83.35,7.74
385,Marsaxlokk,40,MT,1580261351,76,35.84,14.54,57.0,8.05
386,Nuuk,75,GL,1580261351,78,64.18,-51.72,10.4,11.41
387,Bardiyah,8,LY,1580261351,77,31.76,25.09,58.26,16.17
388,Provideniya,0,RU,1580261351,70,64.38,-173.3,-5.8,4.47
389,Alofi,40,NU,1580261144,74,-19.06,-169.92,86.0,6.93
390,Balkanabat,0,TM,1580261352,42,39.51,54.37,40.87,14.27
391,Rundu,78,NA,1580261352,69,-17.93,19.77,70.47,1.79
392,Mandalgovi,0,MN,1580261352,81,45.76,106.27,2.97,6.49
393,Yuxia,0,CN,1580261352,92,34.06,108.63,37.0,2.24
394,Dunedin,57,NZ,1580261352,66,-45.87,170.5,71.01,12.24
395,Iskateley,59,RU,1580261353,99,67.68,53.15,-16.01,7.31
396,Sao Filipe,91,CV,1580261353,58,14.9,-24.5,72.82,19.57
397,Geraldton,40,AU,1580261353,64,-28.77,114.6,75.2,16.11
398,Chulucanas,98,PE,1580261353,73,-5.09,-80.16,70.18,3.62
399,Priyutnoye,100,RU,1580261353,93,46.1,43.51,33.01,11.01
400,Koungou,86,YT,1580261353,83,-12.73,45.2,82.4,4.7
401,Disna,100,BY,1580261353,92,55.57,28.2,32.52,10.83
402,Talaya,100,RU,1580261354,98,61.38,152.75,-15.03,4.61
403,Novo Aripuana,100,BR,1580261354,85,-5.12,-60.38,76.41,0.34
404,Maniitsoq,46,GL,1580261354,65,65.42,-52.9,7.11,6.06
405,Nalut,0,LY,1580261354,54,30.33,10.85,53.13,9.66
406,Comodoro Rivadavia,75,AR,1580261354,26,-45.87,-67.5,69.8,14.99
407,Shingu,75,JP,1580261354,76,33.73,135.98,53.6,10.29
408,Torbay,90,CA,1580261354,100,47.67,-52.73,30.0,5.82
409,Erbil,100,IQ,1580261355,60,36.19,44.01,46.09,3.76
410,Consolacion del Sur,48,CU,1580261355,89,22.5,-83.51,71.22,4.9
411,Tapes,0,BR,1580261355,85,-30.67,-51.4,69.64,6.15
412,Voznesenye,100,RU,1580261355,87,61.01,35.48,19.6,9.71
413,Pisco,90,PE,1580261355,83,-13.7,-76.22,75.2,6.93
414,Moose Factory,90,CA,1580261355,84,51.26,-80.61,3.2,6.93
415,Kuching,75,MY,1580261355,94,1.55,110.33,77.0,6.93
416,Obidos,81,BR,1580261172,72,-1.92,-55.52,80.47,3.29
417,Ishigaki,75,JP,1580261356,82,24.34,124.16,60.8,9.17
418,Sokolo,11,ML,1580261356,4,14.73,-6.12,71.69,9.13
419,Nuevitas,20,CU,1580261356,65,21.55,-77.26,77.0,6.93
420,Teguise,2,ES,1580261356,59,29.06,-13.56,62.6,8.05
421,Zhalantun,0,CN,1580261356,86,48.0,122.72,4.69,5.3
422,Sur,0,OM,1580261357,50,22.57,59.53,62.87,9.8
423,Bourail,91,NC,1580261357,53,-21.57,165.48,84.63,2.44
424,Svetlaya,100,RU,1580261357,88,46.54,138.33,18.9,16.93
425,Krasnosel'kup,95,RU,1580261357,97,65.7,82.47,-3.33,11.81
426,Ciudad Bolivar,53,VE,1580261357,53,8.12,-63.55,86.0,10.96
427,Acajutla,0,SV,1580261357,72,13.59,-89.83,80.89,5.14
428,Elmvale,90,CA,1580261357,86,44.58,-79.87,28.4,3.36
429,Lakatoro,75,VU,1580261358,78,-16.1,167.42,86.0,10.29
430,Vanavara,100,RU,1580261358,95,60.34,102.28,10.49,2.51
431,Ilulissat,100,GL,1580261358,59,69.22,-51.1,1.4,9.17
432,Nelson Bay,75,AU,1580261358,78,-32.72,152.15,80.01,14.99
433,Porbandar,0,IN,1580261358,59,21.64,69.61,68.63,15.26
434,Chapleau,90,CA,1580261358,92,47.84,-83.4,10.4,8.05
435,Phan Thiet,61,VN,1580261359,83,10.93,108.1,69.75,2.17
436,Santiago del Estero,2,AR,1580261359,43,-27.8,-64.26,84.09,12.64
437,Vrangel,100,RU,1580261359,63,42.73,133.08,32.74,3.94
438,Kununurra,44,AU,1580261359,56,-15.77,128.73,93.2,3.36
439,Harper,83,LR,1580261359,86,4.38,-7.72,78.01,2.21
440,Mandera,87,KE,1580261359,37,3.94,41.87,85.69,11.79
441,Chekhov,90,RU,1580261335,96,55.14,37.47,32.0,6.71
442,Mattru,1,SL,1580261359,91,7.62,-11.83,76.14,2.55
443,Kiryat Gat,40,IL,1580261163,87,31.61,34.76,53.6,8.05
444,Banda Aceh,100,ID,1580261116,91,5.56,95.32,72.23,1.59
445,San Patricio,0,MX,1580261360,64,19.22,-104.7,76.57,5.91
446,Kumba,88,CM,1580261360,75,4.64,9.45,76.78,3.62
447,Lalin,90,ES,1580261360,100,42.72,-8.12,57.0,8.05
448,Port Hawkesbury,90,CA,1580261360,92,45.62,-61.35,32.0,8.05
449,Karasjok,100,NO,1580261360,71,69.47,25.51,8.6,57.49
450,Chui,0,UY,1580261360,80,-33.7,-53.46,68.29,13.6
451,Oddur,80,SO,1580261106,64,4.12,43.89,71.46,16.84
452,Vestmannaeyjar,0,IS,1580261361,67,63.44,-20.27,34.99,8.1
453,Waitati,57,NZ,1580261361,53,-45.75,170.57,71.01,14.0
454,Anadyr,75,RU,1580261361,84,64.75,177.48,3.2,4.47
455,Port Hedland,31,AU,1580261361,66,-20.32,118.57,89.6,10.29
456,Vasil'sursk,100,RU,1580261361,94,56.13,46.01,14.81,9.89
457,Tabou,83,CI,1580261361,86,4.42,-7.35,78.01,2.21
458,Vila Franca do Campo,75,PT,1580261361,88,37.72,-25.43,64.4,20.8
459,Mpika,100,ZM,1580261362,99,-11.83,31.45,61.52,2.26
460,Muroto,20,JP,1580261362,54,33.28,134.15,55.4,14.99
461,Iqaluit,5,CA,1580261362,60,63.75,-68.51,-25.01,25.28
462,Izumo,75,JP,1580261362,66,35.37,132.77,50.0,10.29
463,Meulaboh,100,ID,1580261362,74,4.14,96.13,81.03,1.77
464,Tautira,40,PF,1580261362,62,-17.73,-149.15,89.6,6.93
465,Taperoa,15,BR,1580261362,40,-7.21,-36.83,85.73,11.59
466,Garoowe,86,SO,1580261281,62,8.41,48.48,65.07,10.92
467,Maridi,88,SS,1580261363,19,4.92,29.47,67.37,4.81
468,Portland,90,US,1580261227,87,45.52,-122.68,51.8,11.41
469,Paranapanema,35,BR,1580261363,89,-23.39,-48.72,70.36,9.06
470,Camacupa,100,AO,1580261363,97,-12.02,17.48,63.1,3.67
471,Channel-Port aux Basques,100,CA,1580261363,80,47.57,-59.14,29.7,13.58
472,Nouakchott,1,MR,1580261206,12,18.09,-15.98,71.6,6.93
473,Groton,90,US,1580261363,64,41.35,-72.08,37.99,9.17
474,Tual,50,ID,1580261364,80,-5.67,132.75,83.7,18.7
475,Yakima,1,US,1580261364,75,46.47,-120.67,46.99,1.03
476,Angoche,100,MZ,1580261364,98,-16.23,39.91,73.53,5.08
477,Ploemeur,100,FR,1580261364,87,47.73,-3.43,48.0,10.29
478,Antsirabe,8,MG,1580261364,97,-19.85,47.03,58.78,1.61
479,La Spezia,20,IT,1580261364,76,44.11,9.84,55.99,20.8
480,Bouca,40,CF,1580261365,20,6.51,18.27,70.16,3.76
481,Faya,40,SA,1580261365,76,18.39,42.45,55.4,5.82
482,Cam Ranh,20,VN,1580261365,88,11.92,109.16,78.8,1.12
483,Amahai,40,ID,1580261365,74,-3.33,128.92,84.22,11.45
484,Magadan,50,RU,1580261365,93,59.57,150.8,5.47,2.89
485,Assiut,0,EG,1580261319,70,27.18,31.18,48.2,4.7
486,Tartagal,26,AR,1580261365,56,-22.52,-63.8,77.86,4.38
487,Kodinsk,100,RU,1580261366,96,58.69,99.18,13.17,2.93
488,Chaguanas,20,TT,1580261366,83,10.52,-61.42,79.0,9.33
489,Calabozo,38,VE,1580261366,34,8.92,-67.43,86.32,4.76
490,Fallon,40,US,1580261366,40,39.47,-118.78,51.8,13.87
491,Valdivia,2,CL,1580261366,51,-39.81,-73.25,57.56,6.2
492,Liuzhou,69,CN,1580261366,78,24.31,109.39,44.15,5.14
493,Borovoy,90,RU,1580261366,92,55.43,86.08,23.0,8.95
494,Mumbwa,2,ZM,1580261367,93,-14.98,27.06,63.03,4.38
495,Nyagan,9,RU,1580261352,94,62.14,65.39,-19.71,4.94
496,Saint George,1,US,1580261103,42,37.1,-113.58,51.01,4.7
497,Yagodnoye,100,RU,1580261367,96,62.55,149.67,-15.2,3.02
498,Inongo,92,CD,1580261367,47,-1.95,18.27,75.36,2.91
499,Paracatu,90,BR,1580261367,91,-17.22,-46.87,68.04,4.38
500,Kainantu,69,PG,1580261367,64,-6.29,145.87,75.29,2.17
501,Pahrump,1,US,1580261368,24,36.21,-115.98,59.0,6.93
502,Lodja,95,CD,1580261368,83,-3.48,23.43,73.08,2.3
503,Kruisfontein,18,ZA,1580261368,77,-34.0,24.73,64.22,11.32
504,Shubarkuduk,71,KZ,1580261368,81,49.14,56.49,4.62,9.73
505,Zhongshu,100,CN,1580261368,98,24.52,103.77,38.08,3.65
506,Bilopillya,22,UA,1580261369,96,51.15,34.31,31.33,6.98
507,Cherdakly,90,RU,1580261369,85,54.36,48.84,12.2,11.18
508,Chatrapur,3,IN,1580261369,95,19.35,84.98,69.28,3.96
509,Savigliano,0,IT,1580261369,81,44.64,7.66,44.01,5.82
510,Ostrovnoy,95,RU,1580261369,99,68.05,39.51,4.37,4.5
511,Stephenville Crossing,75,CA,1580261369,73,48.5,-58.43,26.6,10.29
512,Kokkola,90,FI,1580261370,92,63.83,23.08,28.99,4.7
513,Sokoto,36,NG,1580261370,8,13.06,5.24,68.9,10.94
514,Cherskiy,100,RU,1580261370,97,68.75,161.3,-23.53,6.89
515,Sola,94,VU,1580261370,78,-13.88,167.55,82.4,12.88
516,Marsabit,87,KE,1580261370,60,2.33,37.99,77.67,10.22
517,Rafsanjan,0,IR,1580261370,42,30.41,55.99,38.8,7.94
518,College,1,US,1580261370,74,64.86,-147.8,-13.0,3.49
519,Xambioa,73,BR,1580261371,91,-6.41,-48.54,74.57,2.08
520,Coos Bay,90,US,1580261196,81,43.37,-124.22,53.6,17.22
521,Ahipara,90,NZ,1580261371,95,-35.17,173.17,80.01,1.01
522,Andilamena,100,MG,1580261371,96,-17.02,48.58,66.81,3.51
523,Quang Ngai,89,VN,1580261371,88,15.12,108.8,71.87,11.95
524,Strezhevoy,75,RU,1580261371,75,60.73,77.59,-20.2,8.95
525,Novikovo,100,RU,1580261372,98,51.15,37.89,33.1,6.15
526,Songyuan,99,CN,1580261372,94,45.12,124.86,0.23,9.42
527,Capitan Bado,0,PY,1580261372,65,-23.27,-55.53,76.84,6.82
528,Sistranda,100,NO,1580261372,64,63.73,8.83,37.0,8.05
529,Yarkovo,34,RU,1580261372,98,57.4,67.08,-12.19,5.21
530,Ambon,20,ID,1580261372,52,-3.7,128.18,91.4,5.82
531,Mazatlan,0,MX,1580261208,51,25.2,-99.82,61.38,4.99
532,Vangaindrano,73,MG,1580261372,87,-23.35,47.6,71.4,2.62
533,Oltu,98,TR,1580261373,58,40.55,42.0,23.68,7.45
534,Zhengjiatun,100,CN,1580261373,92,43.51,123.51,3.36,11.83
535,Canutama,100,BR,1580261373,93,-6.53,-64.38,76.1,1.66
536,Trelleborg,75,SE,1580261373,93,55.38,13.16,41.0,5.82
537,Kangaatsiaq,99,GL,1580261373,89,68.31,-53.46,9.79,19.55
538,Teahupoo,40,PF,1580261373,62,-17.83,-149.27,89.6,6.93
539,Baturaja,100,ID,1580261242,97,-4.13,104.17,74.19,0.96
540,Piacabucu,52,BR,1580261374,76,-10.41,-36.43,79.12,7.99
541,Argayash,0,RU,1580261374,76,55.49,60.88,-4.0,4.47
542,Vila Velha,75,BR,1580261079,88,-20.33,-40.29,82.0,10.29
543,Tamandare,26,BR,1580261374,73,-8.76,-35.1,81.34,12.3
544,Huaicheng,33,CN,1580261374,67,23.91,112.19,44.37,2.73
545,Petropavlovsk-Kamchatsky,20,RU,1580261374,73,53.05,158.65,23.0,8.95
546,Samfya,96,ZM,1580261374,95,-11.36,29.56,63.97,3.31
547,Bilibino,100,RU,1580261374,98,68.05,166.44,-1.62,3.65
548,Bara,1,NG,1580261375,17,10.37,10.73,63.28,7.16
549,Artesia,1,US,1580261375,37,33.87,-118.08,70.0,4.7
550,Balclutha,54,NZ,1580261375,79,-46.23,169.75,64.0,4.0
551,Tulum,3,MX,1580261375,89,20.22,-87.47,75.99,1.01
552,Mahanoro,39,MG,1580261375,67,-19.9,48.8,80.01,10.04
553,Hambantota,40,LK,1580261375,100,6.12,81.12,69.8,5.82
554,Katangli,58,RU,1580261375,94,51.71,143.23,4.26,0.49
555,Atar,0,MR,1580261376,20,20.52,-13.05,73.83,11.41
556,Pokrovskoye,100,RU,1580261376,80,47.42,38.9,41.18,12.33
557,San Policarpo,14,PH,1580261376,84,12.18,125.51,77.74,2.98
