,City,Cloudiness,Country,Date,Humidity,Lat,Lng,Max temp,Wind Speed
0,Tiksi,0,RU,1579982091,70,71.69,128.87,-26.79,6.35
1,Los Llanos de Aridane,0,ES,1579982091,51,28.66,-17.92,62.01,4.34
2,Union,100,US,1579982091,95,40.63,-74.27,54.0,1.99
3,Atuona,61,PF,1579982092,77,-9.8,-139.03,80.87,15.77
4,Kaa-Khem,91,RU,1579982092,86,51.68,94.73,-3.77,1.21
5,Rongcheng,100,CN,1579982092,98,30.63,117.85,37.8,3.71
6,Kapaa,89,US,1579982092,59,22.08,-159.32,72.0,3.0
7,Rikitea,36,PF,1579982093,77,-23.12,-134.97,78.76,14.61
8,Punta Arenas,0,CL,1579981941,47,-53.15,-70.92,59.0,38.99
9,Lucapa,100,AO,1579982093,93,-8.42,20.74,69.12,4.16
10,Ushuaia,100,AR,1579982093,57,-54.8,-68.3,47.46,14.94
11,New Norfolk,77,AU,1579982002,67,-42.78,147.06,64.0,1.99
12,Puerto Ayora,96,EC,1579982093,65,-0.74,-90.35,80.01,7.0
13,George Town,79,MY,1579982093,88,5.41,100.34,80.01,1.99
14,Kourou,62,GF,1579982093,87,5.16,-52.65,78.08,6.93
15,Busselton,1,AU,1579982093,60,-33.65,115.33,64.99,9.6
16,Albany,90,US,1579981795,98,42.6,-73.97,42.01,4.7
17,Honningsvag,100,NO,1579982093,76,70.98,25.97,24.49,31.74
18,Tual,89,ID,1579982094,68,-5.67,132.75,83.75,4.25
19,Hermanus,29,ZA,1579982095,83,-34.42,19.23,66.0,4.0
20,Vila Velha,100,BR,1579982095,78,-20.33,-40.29,77.0,3.22
21,Calatayud,100,ES,1579982095,92,41.35,-1.64,41.81,0.98
22,Half Moon Bay,40,US,1579982095,87,37.46,-122.43,64.99,4.59
23,Erzin,0,TR,1579982095,54,36.96,36.2,38.82,2.3
24,Padang,91,ID,1579982095,96,-0.95,100.35,69.39,2.24
25,Saint-Philippe,90,RE,1579982095,88,-21.36,55.77,72.0,8.05
26,Bluff,66,NZ,1579982095,86,-46.6,168.33,60.01,1.01
27,Nizwa,96,OM,1579982095,61,22.93,57.53,64.8,4.59
28,Edd,74,ER,1579982095,67,13.93,41.69,73.13,12.33
29,Thompson,100,CA,1579982095,91,55.74,-97.86,21.2,1.25
30,Nyimba,0,ZM,1579982095,96,-14.56,30.81,66.7,6.08
31,Omboue,20,GA,1579981839,92,-1.57,9.26,76.93,3.91
32,Vila Franca do Campo,100,PT,1579982095,86,37.72,-25.43,62.98,14.79
33,Port Alfred,0,ZA,1579982095,97,-33.59,26.89,64.99,1.99
34,Hong Kong,100,HK,1579982060,88,22.29,114.16,63.0,10.0
35,Te Karaka,89,NZ,1579982096,42,-38.47,177.87,79.68,1.05
36,Bengkulu,78,ID,1579982096,91,-3.8,102.27,73.62,3.11
37,Mataura,99,NZ,1579982096,86,-46.19,168.86,60.01,1.01
38,Bredasdorp,0,ZA,1579982096,77,-34.53,20.04,66.2,6.93
39,Esperance,74,AU,1579982096,85,-33.87,121.9,65.34,4.59
40,Tasiilaq,100,GL,1579982096,68,65.61,-37.64,24.8,10.29
41,Hithadhoo,100,MV,1579982096,80,-0.6,73.08,82.6,15.23
42,Faanui,0,PF,1579982096,77,-16.48,-151.75,82.13,12.93
43,Bambous Virieux,40,MU,1579982096,78,-20.34,57.76,78.8,16.11
44,Chokurdakh,82,RU,1579982096,86,70.63,147.92,-31.25,3.15
45,Qaanaaq,0,GL,1579982096,46,77.48,-69.36,-13.38,4.99
46,Kirakira,0,SB,1579982097,78,-10.45,161.92,80.76,3.11
47,Mehamn,100,NO,1579981830,64,71.04,27.85,20.37,25.68
48,Hobart,76,AU,1579982093,75,-42.88,147.33,64.0,1.48
49,Tayoltita,100,MX,1579982098,68,24.08,-105.93,62.24,2.26
50,Talaya,100,RU,1579982098,96,61.38,152.75,-31.11,7.61
51,Diamantino,96,BR,1579982098,66,-14.41,-56.45,86.32,4.27
52,Keti Bandar,0,PK,1579982098,83,24.14,67.45,69.89,9.66
53,Moose Factory,100,CA,1579982098,96,51.26,-80.61,29.05,8.95
54,Mukhen,6,RU,1579982098,86,48.1,136.1,-8.27,8.1
55,East London,0,ZA,1579982098,85,-33.02,27.91,77.31,0.51
56,Avarua,98,CK,1579982098,85,-21.21,-159.78,80.29,14.81
57,Jamestown,100,US,1579982098,94,42.1,-79.24,37.99,1.01
58,Akropong,4,GH,1579982098,37,5.97,-0.09,74.57,1.79
59,Tuatapere,96,NZ,1579982098,86,-46.13,167.68,60.01,1.01
60,Tuktoyaktuk,100,CA,1579982098,96,69.45,-133.04,-14.19,21.0
61,Kinarut,28,MY,1579982098,87,5.82,116.05,81.0,7.81
62,Nouna,29,BF,1579982098,7,12.73,-3.87,78.78,7.85
63,Port Elizabeth,20,ZA,1579982099,93,-33.92,25.57,66.2,4.7
64,Westport,90,US,1579982099,93,41.14,-73.36,50.0,25.28
65,Tena,100,EC,1579982099,96,-0.98,-77.82,66.83,2.42
66,Sexsmith,0,CA,1579982099,87,55.35,-118.79,31.64,5.23
67,Oranjemund,70,NA,1579982099,83,-28.55,16.43,67.05,10.69
68,Hilo,52,US,1579982099,84,19.73,-155.09,73.0,7.87
69,Umm Lajj,0,SA,1579982099,22,25.02,37.27,52.74,10.87
70,Shabqadar,0,PK,1579982099,44,34.21,71.56,51.01,2.33
71,Norman Wells,100,CA,1579982099,92,65.28,-126.83,-18.09,9.44
72,Naze,100,JP,1579982099,85,28.37,129.48,69.26,7.61
73,Vestmannaeyjar,74,IS,1579982099,57,63.44,-20.27,41.54,12.8
74,Narsaq,75,GL,1579982099,66,60.92,-46.05,15.8,4.7
75,Kavieng,92,PG,1579982099,72,-2.57,150.8,83.55,8.93
76,Upernavik,57,GL,1579982099,96,72.79,-56.15,-15.52,8.12
77,Barrow,1,US,1579982100,74,71.29,-156.79,-22.0,9.17
78,Geraldton,0,AU,1579982100,80,-28.77,114.6,72.46,19.3
79,Pangnirtung,100,CA,1579982100,99,66.15,-65.71,-36.72,2.37
80,Loukhi,0,RU,1579982100,94,66.08,33.04,1.31,4.47
81,Ahipara,86,NZ,1579982100,100,-35.17,173.17,66.99,3.0
82,Acajutla,0,SV,1579982100,59,13.59,-89.83,81.0,7.0
83,Chui,45,UY,1579982100,69,-33.7,-53.46,76.3,7.72
84,Yellowknife,100,CA,1579982100,94,62.46,-114.35,15.49,7.63
85,Cape Town,75,ZA,1579982100,93,-33.93,18.42,66.99,10.29
86,Tomatlan,100,MX,1579982100,40,19.93,-105.25,84.74,6.51
87,Torbay,0,CA,1579982101,65,47.67,-52.73,25.0,1.01
88,Provideniya,0,RU,1579982101,73,64.38,-173.3,-7.44,4.99
89,Grindavik,75,IS,1579982101,80,63.84,-22.43,35.6,14.99
90,Nabire,99,ID,1579982102,93,-3.37,135.48,74.03,1.7
91,Xishan,100,CN,1579982102,94,27.67,113.5,39.87,8.93
92,Westerland,100,DE,1579982102,95,54.91,8.3,43.0,5.99
93,Ascension,1,US,1579982102,34,30.22,-90.9,66.99,6.93
94,Praia,61,CV,1579982102,68,14.92,-23.51,72.16,11.54
95,Coyhaique,0,CL,1579982102,63,-45.58,-72.07,60.19,14.9
96,Lavrentiya,0,RU,1579982102,73,65.58,-171.0,-14.71,0.89
97,Ust'-Koksa,100,RU,1579982102,94,50.27,85.61,15.66,8.34
98,Zykovo,100,RU,1579982102,88,55.95,93.15,22.37,5.12
99,Lonevag,100,NO,1579982102,95,60.53,5.49,44.01,1.01
100,Bonito,0,BR,1579981829,43,-21.12,-56.48,87.31,5.12
101,Ribeira Grande,100,PT,1579982103,78,38.52,-28.7,54.05,5.77
102,Mtwara,100,TZ,1579982103,95,-10.27,40.18,71.78,1.43
103,Kudahuvadhoo,100,MV,1579981830,76,2.67,72.89,81.81,14.79
104,Colares,0,PT,1579982103,86,38.8,-9.45,54.0,9.37
105,Ternate,25,ID,1579982103,94,0.8,127.4,73.67,2.24
106,Sao Paulo de Olivenca,100,BR,1579982103,66,-3.38,-68.87,86.25,2.19
107,Coahuayana Viejo,98,MX,1579982103,65,18.73,-103.68,78.51,6.78
108,Butaritari,3,KI,1579982103,72,3.07,172.79,84.85,9.51
109,Iqaluit,13,CA,1579981945,92,63.75,-68.51,-27.13,6.76
110,Sao Miguel do Araguaia,99,BR,1579982103,94,-13.28,-50.16,79.0,4.09
111,Saint George,1,US,1579982103,35,37.1,-113.58,59.0,1.01
112,Talnakh,100,RU,1579982103,95,69.49,88.4,2.75,7.27
113,Ko Samui,97,TH,1579981947,69,9.54,99.94,80.4,7.49
114,Isangel,33,VU,1579982104,82,-19.55,169.27,77.67,15.01
115,St. Marys,1,US,1579982104,39,30.73,-81.55,66.99,9.17
116,Dikson,100,RU,1579982104,97,73.51,80.55,-8.45,8.05
117,Sabya,0,SA,1579982104,69,17.15,42.63,75.61,11.48
118,Beringovskiy,100,RU,1579982104,85,63.05,179.32,14.45,10.78
119,Medicine Hat,6,CA,1579982104,67,50.05,-110.67,43.0,1.99
120,Avera,1,US,1579982104,47,33.19,-82.53,55.4,11.41
121,Caravelas,100,BR,1579982104,79,-17.71,-39.25,79.52,18.19
122,Marzuq,28,YE,1579982104,80,14.4,46.47,65.62,1.21
123,Ighiu,100,RO,1579982104,81,46.15,23.52,36.0,4.0
124,Srednebelaya,69,RU,1579982104,86,50.66,128.01,-4.94,5.1
125,Mbigou,98,GA,1579982104,84,-1.9,11.91,72.43,3.31
126,Port Hardy,28,CA,1579982106,80,50.7,-127.42,46.76,4.59
127,Vaini,46,TO,1579982106,86,-21.2,-175.2,78.4,21.07
128,Quesnel,100,CA,1579982035,97,53.0,-122.5,35.24,5.88
129,Kilakarai,100,IN,1579982106,74,9.23,78.78,78.78,15.95
130,Pimentel,51,PE,1579982106,89,-6.84,-79.93,73.44,16.06
131,Bairiki Village,4,KI,1579982106,73,1.33,172.98,84.31,8.57
132,Oksfjord,84,NO,1579982106,75,70.24,22.35,21.99,11.99
133,Sungaipenuh,97,ID,1579982106,98,-2.08,101.38,64.17,1.34
134,Southbridge,90,US,1579982106,86,42.08,-72.03,45.0,5.82
135,Kushima,100,JP,1579982107,99,31.46,131.23,50.0,5.17
136,Morogoro,100,TZ,1579982107,87,-6.82,37.67,68.07,2.68
137,Mossamedes,0,AO,1579982107,78,-15.2,12.15,75.16,12.1
138,Fortuna,100,US,1579982107,84,40.6,-124.16,63.0,8.99
139,Kloulklubed,43,PW,1579982107,83,7.04,134.26,81.93,17.43
140,Clyde River,56,CA,1579982108,76,70.47,-68.59,-20.76,4.47
141,Dudinka,99,RU,1579982108,95,69.41,86.18,6.39,9.22
142,Talisayan,1,PH,1579982108,91,6.99,121.93,73.06,1.83
143,Cherskiy,100,RU,1579982108,97,68.75,161.3,-23.39,2.71
144,San Patricio,58,MX,1579982108,65,19.22,-104.7,79.16,7.52
145,Lebu,0,CL,1579982108,44,-37.62,-73.65,72.59,13.06
146,Belmonte,100,BR,1579982108,88,-15.86,-38.88,76.64,2.13
147,Carnarvon,0,AU,1579982108,64,-24.87,113.63,78.64,19.28
148,Nalut,100,LY,1579982108,13,30.33,10.85,63.37,10.2
149,Saskylakh,100,RU,1579982108,91,71.92,114.08,-16.85,19.26
150,Nanortalik,100,GL,1579982108,81,60.14,-45.24,22.53,16.15
151,Sitka,100,US,1579982108,97,57.05,-135.33,33.67,6.02
152,Ancud,100,CL,1579982108,94,-41.87,-73.82,60.33,8.79
153,Cidreira,67,BR,1579982108,66,-30.18,-50.21,76.32,9.4
154,Mar del Plata,0,AR,1579982109,63,-38.0,-57.56,70.84,14.79
155,Havelock,38,US,1579982109,46,34.88,-76.9,64.99,8.99
156,Artesia,20,US,1579981816,82,33.87,-118.08,73.99,5.82
157,Lagoa,100,PT,1579982109,68,39.05,-27.98,58.48,9.48
158,Buala,6,SB,1579982109,78,-8.14,159.59,80.46,4.94
159,Arraial do Cabo,0,BR,1579982109,85,-22.97,-42.03,75.97,11.48
160,Nieuw Amsterdam,95,SR,1579982109,81,5.88,-55.08,79.77,15.32
161,Laguna,47,US,1579982109,80,38.42,-121.42,63.0,1.52
162,Belaya Gora,100,RU,1579982109,91,68.53,146.42,-31.43,3.02
163,Baruun-Urt,0,MN,1579982109,83,46.68,113.28,6.87,9.98
164,Alice Springs,0,AU,1579982056,49,-23.7,133.88,71.15,7.87
165,Shubarshi,99,KZ,1579982109,94,48.59,57.19,26.29,20.45
166,Ilulissat,40,GL,1579982110,50,69.22,-51.1,8.6,5.82
167,Comodoro Rivadavia,0,AR,1579982110,60,-45.87,-67.5,66.25,4.32
168,New Braunfels,90,US,1579982110,63,29.7,-98.12,66.99,12.75
169,San Cristobal,100,VE,1579982080,96,7.77,-72.22,60.35,2.06
170,Broken Hill,0,AU,1579982110,38,-31.95,141.43,68.05,10.56
171,Banda Aceh,95,ID,1579982103,85,5.56,95.32,71.76,3.36
172,Altay,55,CN,1579982110,54,47.87,88.12,12.52,5.26
173,Castro,0,BR,1579982110,53,-24.79,-50.01,77.29,0.98
174,Anchorage,20,US,1579981858,63,61.22,-149.9,1.99,9.91
175,Sao Felix do Xingu,100,BR,1579982110,89,-6.64,-51.99,80.53,3.53
176,Gladstone,96,AU,1579982110,86,-23.85,151.25,78.01,1.01
177,Samarai,47,PG,1579982110,84,-10.62,150.67,77.5,3.22
178,Lorengau,3,PG,1579982110,73,-2.02,147.27,82.83,5.3
179,Cayenne,62,GF,1579982110,87,4.93,-52.33,78.08,6.93
180,Saint-Augustin,34,CA,1579982110,77,51.23,-58.65,16.25,12.59
181,Wajir,100,KE,1579981825,65,1.75,40.06,83.66,4.41
182,Douglas,90,US,1579982111,92,41.3,-96.17,33.01,3.36
183,Belyy Yar,100,RU,1579982113,81,53.6,91.39,23.16,8.52
184,Soverato Marina,80,IT,1579982113,94,38.69,16.55,49.1,7.81
185,Panacan,93,PH,1579982113,84,9.25,118.41,80.35,6.44
186,Klyuchi,0,RU,1579982113,87,52.27,79.17,8.26,13.82
187,Casper,49,US,1579982024,46,42.87,-106.31,44.01,20.0
188,Aklavik,100,CA,1579982113,92,68.22,-135.01,-14.55,22.3
189,Grand Gaube,40,MU,1579982113,78,-20.01,57.66,78.8,16.11
190,Shivrajpur,0,IN,1579982113,32,22.42,73.65,65.26,3.98
191,San Quintin,90,MX,1579982113,60,30.48,-115.95,65.3,5.88
192,Srednekolymsk,100,RU,1579982113,97,67.45,153.68,-27.18,5.3
193,Nichinan,100,JP,1579982113,99,31.6,131.37,50.0,24.07
194,Port Hedland,0,AU,1579982114,60,-20.32,118.57,85.55,8.41
195,Urumqi,50,CN,1579982114,91,43.8,87.6,8.92,3.83
196,Chicama,69,PE,1579982114,55,-7.84,-79.15,80.87,10.38
197,Yulara,0,AU,1579982114,20,-25.24,130.99,73.49,10.89
198,Chifeng,0,CN,1579982114,78,42.27,118.96,12.31,3.38
199,Novikovo,100,RU,1579982133,96,51.15,37.89,32.63,17.76
200,Alofi,100,NU,1579982133,82,-19.06,-169.92,80.69,7.4
201,Marrakesh,95,MA,1579982078,76,31.63,-8.01,51.01,4.52
202,Kenai,59,US,1579982133,61,60.55,-151.26,8.01,7.0
203,Nikolskoye,0,RU,1579982133,78,59.7,30.79,30.0,1.01
204,Kodiak,80,US,1579982089,81,57.79,-152.41,19.51,23.67
205,Novobirilyussy,94,RU,1579982133,89,56.95,90.67,18.59,7.34
206,Nuuk,75,GL,1579982024,61,64.18,-51.72,15.8,11.41
207,Wewak,69,PG,1579982133,91,-3.55,143.63,77.0,4.21
208,Waldoboro,90,US,1579982133,86,44.1,-69.38,39.0,10.29
209,Ouallam,96,NE,1579982135,7,14.32,2.09,76.05,10.71
210,Aberdeen,100,GB,1579981935,66,57.14,-2.1,44.01,1.99
211,Haftoni,30,AZ,1579982135,73,38.76,48.76,43.21,5.99
212,Puerto del Rosario,0,ES,1579982135,71,28.5,-13.86,59.67,7.09
213,Qaqortoq,75,GL,1579981743,66,60.72,-46.03,15.8,4.7
214,Hualmay,88,PE,1579981752,62,-11.1,-77.61,77.22,5.84
215,Belozerskoye,100,RU,1579982135,93,55.82,65.58,11.97,9.89
216,Khatanga,70,RU,1579981713,90,71.97,102.5,-23.35,3.02
217,Kathmandu,11,NP,1579982135,92,27.72,85.32,40.55,2.71
218,Libreville,40,GA,1579981985,82,0.39,9.45,81.1,6.2
219,Stepnogorsk,95,KZ,1579982135,84,52.35,71.89,8.33,22.44
220,Salamiyah,0,SY,1579982135,55,35.01,37.05,39.76,9.31
221,Te Anau,80,NZ,1579981701,83,-45.42,167.72,57.56,1.66
222,Yueyang,100,CN,1579982135,88,29.33,113.09,38.21,17.43
223,Jarwal,0,IN,1579982136,75,27.17,81.55,51.35,5.41
224,Roswell,90,US,1579981969,60,34.02,-84.36,48.99,8.05
225,Constitucion,0,CL,1579982137,49,-35.33,-72.42,70.61,11.36
226,Lompoc,1,US,1579981870,77,34.64,-120.46,70.0,9.17
227,Zhigansk,41,RU,1579982137,92,66.77,123.37,-34.89,12.15
228,Kruisfontein,0,ZA,1579982137,90,-34.0,24.73,67.35,5.73
229,Mahon,100,ES,1579982137,83,39.89,4.27,58.06,14.94
230,Tiznit,28,MA,1579982137,90,29.58,-9.5,48.69,7.25
231,Longyearbyen,0,SJ,1579982131,58,78.22,15.64,-11.52,2.73
232,Sao Filipe,38,CV,1579982137,52,14.9,-24.5,75.87,16.08
233,Sur,7,OM,1579982137,80,22.57,59.53,68.45,2.59
234,Ponta do Sol,32,PT,1579982137,60,32.67,-17.1,57.0,1.01
235,Port Blair,100,IN,1579982137,69,11.67,92.75,78.12,11.65
236,Murgab,24,TM,1579982137,78,37.5,61.97,34.02,6.78
237,Karla,47,EE,1579982137,83,59.37,24.93,36.0,5.99
238,Takoradze,94,GH,1579982138,77,4.88,-1.76,78.67,4.29
239,Teberda,19,RU,1579982138,66,43.45,41.74,14.61,16.35
240,Guatire,100,VE,1579982138,49,10.48,-66.54,82.0,5.01
241,Korla,0,CN,1579982138,46,41.76,86.15,14.36,5.73
242,Tateyama,100,JP,1579982139,100,34.98,139.87,42.01,4.0
243,Castro-Urdiales,100,ES,1579982139,77,43.38,-3.22,54.0,11.86
244,Flinders,41,AU,1579982139,22,-34.58,150.86,77.0,7.0
245,Trairi,100,BR,1579981952,81,-3.28,-39.27,79.92,5.61
246,Benicarlo,100,ES,1579982139,83,40.42,0.43,50.14,6.04
247,Sistranda,100,NO,1579982139,88,63.73,8.83,42.67,22.19
248,Husavik,90,IS,1579982139,92,66.04,-17.34,30.2,11.41
249,Buraidah,0,SA,1579982139,45,26.33,43.98,42.67,10.71
250,Moron,0,AR,1579982139,29,-34.65,-58.62,98.01,5.01
251,Nyurba,95,RU,1579982140,97,63.28,118.33,-19.19,5.88
252,Mayo,90,US,1579982140,81,38.89,-76.51,52.0,11.41
253,Dovolnoye,100,RU,1579982140,93,54.5,79.67,7.74,14.72
254,Yokote,88,JP,1579982140,78,39.3,140.57,19.0,1.25
255,Inuvik,100,CA,1579982140,96,68.35,-133.72,-16.22,22.77
256,Solnechnyy,97,RU,1579982140,86,50.72,136.63,-10.97,2.44
257,Cabo San Lucas,31,MX,1579982140,75,22.89,-109.91,73.0,4.0
258,Olafsvik,100,IS,1579982140,79,64.89,-23.71,35.91,13.38
259,Kahului,6,US,1579982140,75,20.89,-156.47,73.99,13.0
260,Nome,0,US,1579982140,71,64.5,-165.41,-9.62,7.07
261,Usinsk,96,RU,1579982140,99,65.99,57.53,-6.95,1.28
262,Codrington,85,AU,1579982140,93,-38.27,141.97,61.86,13.47
263,Cockburn Town,0,TC,1579982140,65,21.46,-71.14,76.35,6.38
264,Boke,32,GN,1579982141,73,10.94,-14.3,72.32,4.23
265,Yumen,0,CN,1579982141,69,40.28,97.2,13.5,4.59
266,Batagay-Alyta,0,RU,1579982141,55,67.8,130.41,-34.8,4.27
267,Snezhnogorsk,83,RU,1579982141,85,69.19,33.25,6.44,11.77
268,Labrea,100,BR,1579982142,51,-7.26,-64.8,93.06,2.21
269,Itoman,100,JP,1579982142,94,26.12,127.67,69.01,5.99
270,Henties Bay,0,NA,1579982142,92,-22.12,14.28,66.0,4.0
271,Dondo,42,MZ,1579982142,90,-19.61,34.74,72.37,2.82
272,Leander,40,US,1579981970,63,30.58,-97.85,66.0,14.99
273,Raja,21,SS,1579982142,20,8.46,25.68,63.88,5.12
274,Dingle,2,PH,1579982142,90,11.0,122.67,74.05,4.92
275,Benguela,100,AO,1579982142,75,-12.58,13.41,77.94,4.07
276,Tarko-Sale,90,RU,1579982143,98,64.92,77.78,-3.19,8.79
277,Sirte,100,LY,1579982143,33,31.21,16.59,60.66,10.8
278,Klaksvik,100,FO,1579982143,83,62.23,-6.59,46.06,20.8
279,Petropavlovsk-Kamchatsky,99,RU,1579982143,90,53.05,158.65,17.55,13.58
280,Luancheng,98,CN,1579982143,59,37.88,114.65,32.45,3.09
281,Alta Floresta,100,BR,1579981912,94,-9.88,-56.09,79.2,4.97
282,Nar'yan-Mar,99,RU,1579982143,100,67.67,53.09,-7.64,5.73
283,Tahe,0,CN,1579982143,92,52.33,124.73,-11.11,0.76
284,Fukuecho,100,JP,1579982143,89,32.69,128.84,52.92,20.04
285,Sai Buri,82,TH,1579982143,97,6.7,101.62,68.67,1.01
286,Camacha,24,PT,1579982143,92,33.08,-16.33,46.99,6.11
287,Shenjiamen,100,CN,1579982144,95,29.96,122.3,54.5,16.31
288,Mugur-Aksy,100,RU,1579982144,74,50.35,90.5,0.73,7.27
289,Bandarbeyla,100,SO,1579982144,82,9.49,50.81,79.02,18.88
290,Severo-Kuril'sk,100,RU,1579982144,91,50.68,156.12,17.74,42.77
291,Maner,0,IN,1579982144,82,25.65,84.88,51.4,4.99
292,Sawakin,8,SD,1579982145,72,19.11,37.33,71.56,23.91
293,Luderitz,0,NA,1579982145,91,-26.65,15.16,66.15,15.19
294,Nioro,100,GM,1579982145,9,13.35,-15.75,86.52,5.91
295,Ocampo,100,MX,1579982145,47,21.65,-101.5,61.86,13.6
296,Wajima,100,JP,1579982145,63,37.4,136.9,43.92,17.02
297,Samana,78,DO,1579982145,78,19.21,-69.34,74.17,4.38
298,Maniitsoq,100,GL,1579982145,89,65.42,-52.9,13.84,4.52
299,Port Macquarie,0,AU,1579982145,97,-31.43,152.92,75.0,15.97
300,Kalawit,0,PH,1579982145,92,8.07,122.52,74.48,2.93
301,Tallahassee,4,US,1579981924,49,30.44,-84.28,61.0,1.99
302,Igarka,99,RU,1579982146,96,67.47,86.58,2.89,7.16
303,Moyale,100,KE,1579982146,63,3.52,39.06,77.38,0.65
304,Shizunai,0,JP,1579981876,64,42.33,142.37,10.85,5.3
305,Matay,0,EG,1579982146,49,28.42,30.78,46.72,7.34
306,Pisco,100,PE,1579982142,84,-13.7,-76.22,75.99,15.01
307,Mildura,0,AU,1579982146,75,-34.2,142.15,62.01,10.76
308,Ugoofaaru,100,MV,1579982131,68,5.67,73.0,82.31,8.21
309,Lockhart,0,US,1579982146,41,28.62,-81.44,71.01,9.31
310,Mount Gambier,70,AU,1579982146,92,-37.83,140.77,61.81,5.19
311,Zhanaozen,100,KZ,1579982146,80,43.3,52.8,32.32,10.02
312,Berlevag,100,NO,1579982146,60,70.86,29.09,24.8,32.14
313,Trujillo,69,PE,1579981856,55,-8.12,-79.03,80.87,10.38
314,Vanino,33,RU,1579982146,73,49.09,140.25,-2.7,5.21
315,Bani,56,DO,1579982062,69,18.28,-70.33,84.0,4.0
316,Yavaros,33,MX,1579982065,55,26.7,-109.52,77.0,1.99
317,Uryupinsk,100,RU,1579982147,90,50.8,42.01,35.01,1.99
318,Paamiut,86,GL,1579982148,62,61.99,-49.67,17.4,17.36
319,Bataipora,30,BR,1579982148,56,-22.3,-53.27,85.8,3.36
320,Leningradskiy,96,RU,1579982148,95,69.38,178.42,-12.96,4.41
321,Okhotsk,41,RU,1579982148,68,59.38,143.3,-22.9,14.58
322,Sola,65,VU,1579982148,79,-13.88,167.55,82.24,15.39
323,Haines Junction,99,CA,1579982148,99,60.75,-137.51,-14.37,6.87
324,Payo,98,ID,1579982148,96,-3.75,103.64,67.51,1.97
325,Gemona,75,IT,1579982148,93,46.28,13.14,46.99,3.36
326,Airai,100,TL,1579982148,93,-8.93,125.41,68.27,1.21
327,Kovur,85,IN,1579982148,76,14.48,79.98,68.04,6.67
328,Zaysan,100,KZ,1579982148,90,47.47,84.87,21.38,0.36
329,Aasiaat,100,GL,1579982148,96,68.71,-52.87,8.98,6.17
330,Makaryev,100,RU,1579982149,96,57.88,43.81,26.33,4.63
331,Departamento de Maldonado,0,UY,1579981886,38,-34.67,-54.92,78.35,13.65
332,Kaitangata,91,NZ,1579982149,66,-46.28,169.85,64.99,6.85
333,Pevek,100,RU,1579982150,96,69.7,170.31,-16.02,3.6
334,Arman,100,RU,1579982150,99,59.7,150.17,-5.67,18.48
335,Iquique,1,CL,1579981944,67,-20.22,-70.14,70.68,7.85
336,Griffith,90,US,1579982150,96,41.53,-87.42,35.01,18.34
337,Ponca City,1,US,1579982150,50,36.71,-97.09,52.0,9.17
338,Tabuk,88,PH,1579982150,95,17.42,121.44,69.42,4.21
339,Muncar,70,ID,1579982150,74,-8.43,114.33,82.06,5.14
340,Lakes Entrance,0,AU,1579982150,94,-37.88,147.98,57.99,5.64
341,Adre,0,TD,1579982150,18,13.47,22.2,58.55,17.81
342,Baldeogarh,0,IN,1579982151,48,24.75,79.07,53.71,2.89
343,Hirado,100,JP,1579982152,93,33.36,129.55,50.0,5.99
344,Vanimo,47,PG,1579982152,82,-2.67,141.3,83.03,13.62
345,Kedougou,79,SN,1579982152,7,12.56,-12.17,82.51,3.44
346,Warri,2,NG,1579981892,60,5.52,5.75,75.97,3.85
347,Alice,100,US,1579982152,84,27.75,-98.07,69.01,8.99
348,Sinnamary,56,GF,1579982152,82,5.38,-52.95,80.01,18.14
349,Huilong,100,CN,1579982153,96,31.81,121.66,53.01,17.2
350,Esim,94,GH,1579982154,77,4.87,-2.24,78.67,4.29
351,Beveren,100,BE,1579982154,93,51.26,4.24,37.99,9.08
352,Naifaru,96,MV,1579982154,70,5.44,73.37,82.17,9.04
353,Greymouth,97,NZ,1579982154,88,-42.47,171.2,64.56,3.2
354,Sibiti,100,CG,1579982156,90,-3.68,13.35,71.82,1.43
355,Ola,100,RU,1579982156,89,59.58,151.28,-9.36,14.85
356,Jinka,100,ET,1579982156,63,5.65,36.65,72.5,3.85
357,Margate,100,GB,1579982156,92,51.38,1.39,42.01,4.0
358,Mahebourg,40,MU,1579982152,78,-20.41,57.7,78.8,16.11
359,Si Bun Rueang,100,TH,1579982156,76,16.97,102.28,73.51,2.89
360,Callaway,19,US,1579982156,50,30.15,-85.57,59.0,3.0
361,Tveit,100,NO,1579982157,94,58.23,8.12,44.01,8.99
362,South Bend,90,US,1579982114,96,41.68,-86.25,35.01,9.17
363,Nemuro,100,JP,1579982157,65,43.32,145.57,17.69,26.24
364,Soyo,75,AO,1579981925,83,-6.13,12.37,84.2,6.93
365,Miyako,100,JP,1579982157,57,39.64,141.95,26.69,4.23
366,Ketchikan,100,US,1579982157,98,55.34,-131.65,36.27,5.88
367,Wake Forest,75,US,1579981919,54,35.98,-78.51,57.99,8.05
368,Chumikan,0,RU,1579982159,82,54.72,135.31,-12.3,13.47
369,Guerrero Negro,0,MX,1579982159,43,27.98,-114.06,71.26,4.36
370,Oddur,100,SO,1579982159,61,4.12,43.89,80.13,16.6
371,Khani,0,GE,1579982159,71,41.96,42.96,25.92,7.43
372,Juquitiba,17,BR,1579982159,66,-23.93,-47.07,78.01,4.45
373,Kasangulu,100,CD,1579982160,79,-4.59,15.17,84.2,2.24
374,Atherton,97,GB,1579982160,93,53.52,-2.49,44.01,4.0
375,Inhambane,100,MZ,1579982160,77,-23.86,35.38,78.8,13.2
376,Vardo,100,NO,1579982160,68,70.37,31.11,25.16,34.69
377,Aykhal,100,RU,1579982160,100,66.0,111.5,-22.05,8.95
378,Bayji,0,IQ,1579982160,59,34.93,43.49,46.51,8.59
379,Salalah,56,OM,1579982160,83,17.02,54.09,73.0,5.84
380,Asau,71,RO,1579982161,60,46.43,26.4,32.0,1.99
381,Clyde,90,US,1579982161,97,41.3,-82.98,39.0,11.41
382,Bissendorf,0,DE,1579982161,93,52.23,8.17,34.0,1.01
383,Tabou,60,CI,1579982161,89,4.42,-7.35,78.87,4.0
384,Carbonia,0,IT,1579982161,73,39.17,8.52,52.0,7.29
385,Maragogi,89,BR,1579982112,83,-9.01,-35.22,82.2,11.99
386,Erenhot,0,CN,1579982162,80,43.65,111.98,14.74,7.81
387,Port Augusta,0,AU,1579982162,76,-32.5,137.77,60.01,4.99
388,Nova Vicosa,100,BR,1579982162,80,-17.89,-39.37,76.48,8.99
389,Kidal,99,ML,1579982162,10,18.44,1.41,73.35,7.45
390,Brandenburg,100,DE,1579982162,79,52.42,12.55,36.0,3.83
391,Peace River,0,CA,1579982162,88,56.25,-117.29,31.82,5.79
392,Bethel,100,US,1579981593,97,41.37,-73.41,48.99,5.99
393,Touros,88,BR,1579982162,82,-5.2,-35.46,82.62,18.68
394,Hervey Bay,23,AU,1579982162,88,-25.3,152.85,77.0,5.99
395,Dutse,12,NG,1579982163,16,11.76,9.34,66.34,12.46
396,Laas,100,IT,1579982163,69,46.62,10.7,33.8,2.24
397,Antalaha,100,MG,1579982163,83,-14.9,50.28,79.47,19.89
398,Sabzevar,0,IR,1579982163,70,36.21,57.68,33.53,8.01
399,Terrace,85,CA,1579982163,92,54.52,-128.6,37.0,4.85
400,Zliten,100,LY,1579982163,52,32.47,14.57,61.09,2.33
401,Caruray,82,PH,1579982163,82,10.31,119.01,79.57,8.16
402,Biltine,0,TD,1579982163,18,14.53,20.92,60.67,16.35
403,Ponta Delgada,100,PT,1579982163,86,37.73,-25.67,62.98,14.79
404,Beira,0,MZ,1579982163,74,-19.84,34.84,81.61,12.59
405,Cedral,100,MX,1579982163,79,23.8,-100.73,55.09,2.1
406,Poum,77,NC,1579982163,80,-20.23,164.02,79.65,20.02
407,Birjand,4,IR,1579982165,79,32.87,59.22,35.47,5.44
408,KwaDukuza,6,ZA,1579982165,78,-29.33,31.29,78.01,11.41
409,Gainesville,0,US,1579982004,45,29.65,-82.32,66.99,1.99
410,Goderich,100,CA,1579982165,92,43.75,-81.72,37.0,3.0
411,Puerto Madero,32,MX,1579982165,76,14.72,-92.42,80.85,12.06
412,Hasaki,100,JP,1579982165,82,35.73,140.83,39.99,16.35
413,Longonjo,100,AO,1579982165,91,-12.91,15.25,63.91,3.36
414,Shevchenkove,100,UA,1579982165,85,49.7,37.17,32.85,12.5
415,Srivardhan,83,IN,1579982165,57,18.03,73.02,74.3,3.36
416,Jalu,15,LY,1579982165,48,29.03,21.55,55.49,8.9
417,Were Ilu,99,ET,1579982165,85,10.6,39.43,54.3,10.27
418,Beidao,91,CN,1579982165,80,34.57,105.89,25.7,3.0
419,Batagay,2,RU,1579982166,95,67.63,134.63,-42.9,1.99
420,Coquimbo,7,CL,1579982141,85,-29.95,-71.34,63.82,8.66
421,Ust'-Omchug,100,RU,1579982166,97,61.15,149.63,-24.23,11.25
422,Anito,0,PH,1579982166,83,12.45,125.29,80.92,15.97
423,Olinda,86,BR,1579982166,77,-8.01,-34.86,81.82,6.35
424,Gadarwara,0,IN,1579982166,43,22.92,78.78,54.99,1.03
425,Bissau,96,GW,1579982046,60,11.86,-15.6,74.61,6.62
426,Khor,38,RU,1579982166,90,47.89,134.95,-13.61,5.61
427,Renfrew,100,GB,1579982166,75,55.87,-4.39,46.0,8.99
428,Rio Verde de Mato Grosso,18,BR,1579982166,69,-18.92,-54.84,85.01,4.43
429,Malazgirt,0,TR,1579982166,54,39.14,42.54,4.46,1.12
430,Dezhou,100,CN,1579982166,54,37.45,116.29,31.8,5.68
431,Awka,0,NG,1579982166,16,6.21,7.07,77.77,3.78
432,Guadalupe Victoria,36,MX,1579982166,31,32.29,-115.11,70.0,7.0
433,Knysna,62,ZA,1579982168,94,-34.04,23.05,68.0,8.05
434,La Ronge,100,CA,1579982168,95,55.1,-105.28,26.37,4.85
435,Makat,100,KZ,1579982168,97,47.65,53.35,33.64,18.52
436,Ngunguru,99,NZ,1579982168,81,-35.62,174.5,69.01,3.0
437,Saldanha,33,ZA,1579982168,72,-33.01,17.94,68.0,5.82
438,Severo-Yeniseyskiy,100,RU,1579982168,83,60.37,93.04,16.07,20.29
439,Great Yarmouth,100,GB,1579982168,99,52.61,1.73,43.0,5.01
440,Preobrazheniye,7,RU,1579982168,42,42.9,133.91,12.2,4.7
441,Laem Sing,90,TH,1579982168,67,12.48,102.07,82.99,8.16
442,Wattegama,91,LK,1579982168,94,6.8,81.48,69.31,4.45
443,Kieta,28,PG,1579982168,73,-6.22,155.63,81.55,5.14
444,Dakar,34,SN,1579981926,69,14.69,-17.44,73.85,24.74
445,Grand Forks,90,US,1579982037,79,47.93,-97.03,23.0,16.11
446,Piacabucu,98,BR,1579982169,79,-10.41,-36.43,81.45,13.85
447,Antofagasta,35,CL,1579982169,49,-23.65,-70.4,72.0,5.41
448,Menongue,99,AO,1579982169,88,-14.66,17.69,65.17,2.62
449,Riwaka,16,NZ,1579982169,81,-41.08,173.0,68.0,1.99
450,Vila,0,PT,1579982169,82,42.03,-8.16,52.0,2.51
451,General Roca,100,AR,1579982169,13,-39.03,-67.58,93.79,17.87
452,Saveh,0,IR,1579982169,64,35.02,50.36,35.71,6.04
453,Sao Gabriel da Cachoeira,100,BR,1579982169,83,-0.13,-67.09,82.99,2.73
454,Quatre Cocos,40,MU,1579982169,78,-20.21,57.76,78.8,16.11
455,Sobolevo,99,RU,1579982169,87,54.43,31.9,31.32,10.8
456,Philadelphia,94,US,1579982140,89,39.95,-75.16,55.0,4.12
457,Novyy Urgal,98,RU,1579982170,99,51.07,132.56,-26.97,0.69
458,Coracora,100,PE,1579982170,95,-15.03,-73.78,49.66,10.54
459,Sanchez,78,DO,1579982171,78,19.23,-69.61,74.17,4.38
460,Frankfort,40,ZA,1579982171,56,-27.27,28.48,63.36,7.72
461,Dongning,0,CN,1579982172,77,44.06,131.12,0.99,3.65
462,Polunochnoye,100,RU,1579982172,97,60.87,60.42,-0.24,1.5
463,Souillac,40,MU,1579982172,78,-20.52,57.52,78.8,16.11
464,Gamba,4,GA,1579982172,84,-2.65,10.0,80.06,5.46
465,Santa Isabel do Rio Negro,99,BR,1579982172,76,-0.41,-65.02,85.73,1.39
466,Tyrma,100,RU,1579982172,98,50.08,132.17,-14.62,1.16
467,Abu Samrah,0,SY,1579982172,61,35.3,37.18,40.15,9.04
468,Campeche,48,MX,1579982172,38,19.0,-90.5,86.14,2.13
469,Pontianak,91,ID,1579982172,96,-0.03,109.33,74.79,1.45
470,Colquechaca,81,BO,1579982173,42,-18.67,-66.02,61.5,8.08
471,Bata,20,GQ,1579982173,94,1.86,9.77,82.4,4.7
472,Yerbogachen,100,RU,1579982173,94,61.28,108.01,21.65,11.99
473,Yambio,26,SS,1579982174,32,4.57,28.4,71.98,3.58
474,Huittinen,100,FI,1579982174,84,61.17,22.75,27.0,7.4
475,Weifang,100,CN,1579982174,66,36.71,119.1,30.36,6.04
476,Yakeshi,71,CN,1579982174,99,49.28,120.73,-12.55,3.71
477,Mareeba,99,AU,1579982174,94,-17.0,145.43,78.01,2.13
478,Poronaysk,0,RU,1579982174,79,49.22,143.12,-9.27,7.99
479,Miraflores,19,MX,1579982174,32,19.22,-98.81,69.01,11.01
480,Gornopravdinsk,95,RU,1579982174,98,60.05,69.9,-1.66,5.59
481,Evanston,100,US,1579982025,96,42.04,-87.69,35.01,15.1
482,Suoyarvi,99,RU,1579982174,89,62.08,32.35,20.41,6.42
483,Kununurra,100,AU,1579982175,68,-15.77,128.73,85.19,3.49
484,Manyana,45,BW,1579982175,51,-23.4,21.72,73.85,7.52
485,Ilo,79,PE,1579982175,83,-17.64,-71.34,73.65,3.83
486,Sacaseni,99,RO,1579982175,93,47.48,22.68,28.0,4.0
487,Bilma,0,NE,1579982175,15,18.69,12.92,62.58,8.84
488,Rusape,90,ZW,1579982175,89,-18.53,32.13,61.29,2.55
489,Nhulunbuy,0,AU,1579982175,80,-12.23,136.77,84.96,18.7
490,Spring Hill,0,US,1579982001,40,28.48,-82.53,71.01,5.01
491,Peleduy,97,RU,1579982175,95,59.63,112.74,15.53,6.38
492,Careiro da Varzea,98,BR,1579982175,83,-3.2,-59.81,80.24,5.59
493,Berdavan,0,AM,1579982175,46,41.2,45.0,24.19,7.16
494,Nakhon Phanom,100,TH,1579982175,93,17.41,104.78,66.97,3.91
495,Wuwei,99,CN,1579982175,77,37.93,102.64,21.07,1.34
496,Kuna,100,US,1579982176,97,43.49,-116.42,44.01,1.01
497,Guadalupe y Calvo,78,MX,1579982176,47,26.1,-106.97,55.4,8.21
498,Labuhan,100,ID,1579982176,92,-6.88,112.21,75.49,2.8
499,Republic of El Salvador,0,SV,1579981950,59,13.83,-88.92,81.0,7.0
500,Puerto Escondido,1,MX,1579982176,59,15.85,-97.07,80.6,6.96
501,Hue,100,VN,1579982177,95,16.47,107.6,68.16,2.8
502,Pontes e Lacerda,75,BR,1579982108,46,-15.23,-59.34,88.68,6.02
503,Kupang,69,ID,1579982177,77,-10.17,123.58,83.17,4.54
504,Langham,100,CA,1579982177,80,52.37,-106.97,27.0,10.09
505,Mount Isa,100,AU,1579982177,90,-20.73,139.5,74.84,12.5
506,Liku,20,ID,1579982177,93,-0.73,119.89,70.0,1.39
507,Xining,0,CN,1579982177,77,36.62,101.77,12.07,4.83
508,Iaciara,100,BR,1579982177,93,-14.1,-46.63,73.27,4.94
509,Puqi,100,CN,1579982178,95,29.72,113.88,40.05,3.67
510,Mazara del Vallo,100,IT,1579982178,92,37.66,12.59,62.01,1.01
511,Savannah Bight,59,HN,1579982178,59,16.45,-85.85,78.08,7.63
512,Cao Bang,79,VN,1579982178,85,22.67,106.25,48.83,2.3
513,Donetsk,95,UA,1579982178,82,48.0,37.8,34.18,11.16
514,Banjar,42,ID,1579982178,73,-8.19,114.97,83.23,6.6
515,Narrabri,0,AU,1579982178,83,-30.32,149.78,77.0,4.0
516,Ust'-Barguzin,0,RU,1579982178,88,53.45,108.98,-1.88,4.38
517,Koubia,4,GN,1579982179,13,11.58,-11.9,70.81,1.86
518,Ilhabela,91,BR,1579982179,67,-23.78,-45.36,76.71,4.23
519,Salinas,37,US,1579981977,88,36.68,-121.66,64.99,4.0
520,Pacajus,83,BR,1579982179,85,-4.17,-38.46,86.0,5.99
521,Eyl,79,SO,1579982180,84,7.98,49.82,79.2,20.27
522,Oxapampa,100,PE,1579982180,89,-10.58,-75.4,62.51,2.01
523,Cozumel,21,MX,1579982141,74,20.51,-86.95,82.99,5.99
524,Harrismith,55,ZA,1579982180,65,-28.27,29.13,58.17,1.59
525,Itirucu,100,BR,1579981926,83,-13.53,-40.15,72.95,2.68
526,Richards Bay,4,ZA,1579982180,82,-28.78,32.04,77.0,25.5
527,Kirksville,95,US,1579982072,79,40.19,-92.58,33.01,7.0
528,Praia da Vitoria,100,PT,1579982180,78,38.73,-27.07,58.42,6.26
529,Aripuana,100,BR,1579982180,77,-9.17,-60.63,85.32,3.22
530,Tanout,0,NE,1579982180,12,14.97,8.89,65.66,14.74
531,Beisfjord,88,NO,1579982180,90,68.38,17.6,27.0,8.99
532,Yangi Marg`ilon,100,UZ,1579982180,72,40.43,71.72,41.31,6.62
533,Necochea,0,AR,1579982181,68,-38.55,-58.74,75.99,7.0
534,Atar,75,MR,1579982181,20,20.52,-13.05,77.83,9.08
535,Kardailovo,100,RU,1579982181,96,51.54,53.9,30.83,18.25
536,Otane,0,NZ,1579982181,70,-39.88,176.63,73.0,3.0
537,Toora-Khem,99,RU,1579982181,91,52.47,96.11,5.59,2.84
538,Port Lincoln,39,AU,1579982181,85,-34.73,135.87,64.17,4.7
539,Pizhanka,90,RU,1579982181,96,57.46,48.54,19.83,5.84
540,Vao,40,NC,1579982181,79,-22.67,167.48,77.76,20.29
541,Kiama,41,AU,1579982181,22,-34.68,150.87,77.0,7.0
542,Vila do Maio,43,CV,1579982181,75,15.13,-23.22,73.45,17.96
543,Palotina,1,BR,1579981956,68,-24.28,-53.84,84.2,2.37
544,Hammerfest,93,NO,1579981948,96,70.66,23.68,17.29,11.9
545,Mogadishu,100,SO,1579982182,84,2.04,45.34,81.32,23.24
546,Santa Cruz de las Flores,100,MX,1579982182,32,20.48,-103.5,77.0,11.99
547,Acarau,100,BR,1579982182,78,-2.89,-40.12,81.16,7.63
548,Manokwari,100,ID,1579982182,76,-0.87,134.08,74.21,3.4
549,Fairbanks,100,US,1579982042,59,64.84,-147.72,-6.0,5.1
550,Morro da Fumaca,0,BR,1579982182,61,-28.65,-49.21,75.85,3.49
551,Winslow,35,US,1579981981,32,35.02,-110.7,51.01,1.99
552,Jojoima,0,SL,1579982182,31,7.88,-10.79,74.79,2.93
553,Mawlaik,0,MM,1579982182,72,23.63,94.42,49.48,1.36
554,Fallon,4,US,1579982114,38,39.47,-118.78,60.01,1.99
555,Okakarara,0,NA,1579982182,60,-20.58,17.43,71.87,9.73
556,Gusev,83,RU,1579982182,91,54.59,22.2,38.3,9.13
557,Rosa Zarate,64,EC,1579982183,86,0.33,-79.47,79.66,3.85
558,Genhe,3,CN,1579982184,98,50.78,121.52,-15.29,4.07
559,Mudgere,72,IN,1579982184,29,13.13,75.63,66.74,5.97
560,Oistins,100,BB,1579982184,75,13.07,-59.53,79.21,9.98
561,Gacheta,100,CO,1579982184,92,4.82,-73.64,61.7,3.15
562,Ulladulla,59,AU,1579982184,95,-35.35,150.47,73.0,1.48
563,Mookane,8,BW,1579982184,60,-23.69,26.66,75.15,3.96
564,San Ramon,40,US,1579982184,87,37.78,-121.98,64.99,2.42
565,Kavaratti,77,IN,1579982184,66,10.57,72.64,81.25,3.42
566,Saint-Donat-de-Montcalm,100,CA,1579982019,95,46.32,-74.22,27.16,8.19
567,Atbasar,100,KZ,1579982185,90,51.8,68.33,10.26,21.43
568,Puerto Narino,68,CO,1579982186,64,-3.77,-70.38,87.31,1.23
569,Sao Domingos do Maranhao,99,BR,1579982186,88,-5.58,-44.39,79.23,2.59
570,Kumul,0,CN,1579982186,69,42.8,93.45,9.0,3.4
571,Cururupu,100,BR,1579982021,82,-1.83,-44.87,80.65,3.89
